{
    "train_accuracy": 0.9106929302215576,
    "val_accuracy": 0.886904776096344,
    "train_loss": 0.25287336111068726,
    "val_loss": 0.34832432866096497
}