,Blight,Common_Rust,Gray_Leaf_Spot,Healthy
Blight,0.8913043478260869,0.008695652173913044,0.09565217391304348,0.004347826086956522
Common_Rust,0.007633587786259542,0.9618320610687023,0.030534351145038167,0.0
Gray_Leaf_Spot,0.16521739130434782,0.0,0.8347826086956521,0.0
Healthy,0.0,0.0,0.0,1.0
