{
    "accuracy": [
        0.627538800239563,
        0.8061529397964478,
        0.8497610688209534,
        0.8623058795928955,
        0.8781362175941467,
        0.907108724117279,
        0.9295101761817932,
        0.9402628540992737
    ],
    "val_accuracy": [
        0.8476190567016602,
        0.8821428418159485,
        0.8928571343421936,
        0.901190459728241,
        0.9047619104385376,
        0.9226190447807312,
        0.9238095283508301,
        0.9357143044471741
    ],
    "loss": [
        1.4628280401229858,
        0.648360013961792,
        0.47914454340934753,
        0.41607046127319336,
        0.36870163679122925,
        0.29285070300102234,
        0.22792063653469086,
        0.18075308203697205
    ],
    "val_loss": [
        0.41090017557144165,
        0.3396676480770111,
        0.30479907989501953,
        0.2763485312461853,
        0.264449805021286,
        0.22691132128238678,
        0.21350808441638947,
        0.2055719792842865
    ]
}